id,slug,title,description,category,created_at,updated_at,url,cover_image
405,airline-jet-fuel-crisis-iran-2026,Europe's Airline Meltdown: Jet Fuel Crisis from Iran War,"IEA warns 6 weeks of jet fuel left in Europe. KLM, Lufthansa, SAS slash flights. Brent >$100.",economy,2026-04-18,2026-04-18,https://zestlab.io/en/trends/airline-jet-fuel-crisis-iran-2026,https://assets.zestlab.io/images/1776472460646-jet-fuel-cover.jpg
402,us-iran-peace-talks-impasse-second-round-april-2026,US-Iran Peace Talks Hit Impasse — Ceasefire Expires April 22,No date for second round of talks. Iran demands nuclear recognition. US demands Hormuz reopening. Oil at risk if talks fail.,world,2026-04-17,2026-04-17,https://zestlab.io/en/trends/us-iran-peace-talks-impasse-second-round-april-2026,https://assets.zestlab.io/images/1776387031048-iran-talks-impasse-cover-r.jpg
385,super-typhoon-sinlaku-guam-2026,Super Typhoon Sinlaku Batters Guam — Strongest of 2026,Category 5 Sinlaku with 278 km/h winds bore down on Guam and Northern Mariana Islands on April 14.,world,2026-04-14,2026-04-14,https://zestlab.io/en/trends/super-typhoon-sinlaku-guam-2026,https://assets.zestlab.io/images/1776148161227-typhoon-sinlaku-cover.jpg
66,eu-renewable-energy-milestone-2026,EU Renewables 2026: Solar & Wind Top Fossil Fuels First Time,Wind and solar hit 30% of EU power in 2025 — first time beating fossil fuels. Solar set a 369 TWh record. Portugal reached 80.7% renewable by Jan 2026.,environment,2026-03-17,2026-04-09,https://zestlab.io/en/trends/eu-renewable-energy-milestone-2026,https://assets.zestlab.io/images/1773829276344-eu-renewable-energy-milestone-2026-2.jpg
365,iran-vance-pakistan-negotiations-2026,Vance Heads to Pakistan for April 10 Iran Peace Talks,"VP JD Vance travels to Islamabad April 10 for talks brokered by Pakistan. Agenda: permanent ceasefire, Lebanon, Hormuz, nuclear program, sanctions.",geopolitics,2026-04-09,2026-04-09,https://zestlab.io/en/trends/iran-vance-pakistan-negotiations-2026,https://assets.zestlab.io/images/1775724246121-iran-vance-pakistan-negotiations-2026-cover.jpg
95,oil-price-spike-2026,Oil Price Spike 2026: War Premium at the Pump,"The Iran-US war has triggered the largest oil supply disruption in history. As of April 7, 2026: Brent crude $110.05/barrel, WTI $113.42. Iran announced a partial Hormuz reopening for Iraq on April 5, potentially releasing 3M bpd. OPEC+ agreed to a 206K bpd quota hike for May. JPMorgan warns $150+ if disruption persists past mid-May.",geopolitics,2026-03-18,2026-04-07,https://zestlab.io/en/trends/oil-price-spike-2026,https://assets.zestlab.io/images/1773829675794-oil-price-spike-2026-1.jpg
348,pokemon-winds-waves-switch2-2026,Pokémon Winds & Waves: New Core Games for Switch 2 — 30th Anniversary,Pokémon Winds and Waves revealed at Pokémon Day Presents as next core series for Switch 2. Plus Champions launches April 2026. Full 30th anniversary guide.,gaming,2026-04-06,2026-04-06,https://zestlab.io/en/trends/pokemon-winds-waves-switch2-2026,https://assets.zestlab.io/images/1775448914898-pokemon-30th-cover.jpg
128,portugal-renewable-energy-record-2026,Portugal 2026: 33-Day 100% Renewable Streak — World Record,Portugal ran 100% renewable for 33 days in 2026 — a world record. How 80.7% solar-wind share inspired 12 nations to accelerate their clean energy plans.,environment,2026-03-18,2026-04-05,https://zestlab.io/en/trends/portugal-renewable-energy-record-2026,https://assets.zestlab.io/images/1773836059553-portugal-renewable-energy-record-2026-cover.jpg
123,cop31-antalya-turkey-2026,COP31 Antalya 2026: The $1.3T Climate Finance Battle,"COP31 meets Nov 9-20 in Antalya, 2026. The agenda: $1.3T climate finance and fossil fuel phase-out. 2025 ranked as the second-hottest year on record.",environment,2026-03-18,2026-04-05,https://zestlab.io/en/trends/cop31-antalya-turkey-2026,https://assets.zestlab.io/images/1773832217433-cop31-antalya-turkey-2026-cover.jpg
132,eu-climate-law-2040-2026,EU Locks In 90% Emissions Cut by 2040 in 2026 Climate Law,145 countries backed the EU's legally binding 2040 climate law — the world's most ambitious target. The law mandates 90% greenhouse gas cuts and reshapes energy policy for 27 nations.,environment,2026-03-19,2026-04-05,https://zestlab.io/en/trends/eu-climate-law-2040-2026,https://assets.zestlab.io/images/1774428722254-fix-132.jpg
231,eu-climate-energy-2026,"EU Climate & Clean Energy 2026: Laws, Records & COP31","Track EU's 90% emissions cut law, renewables beating fossil fuels, CBAM launch, and COP31 Antalya — the key climate milestones reshaping Europe and global policy in 2026.",environment,2026-03-22,2026-04-05,https://zestlab.io/en/trends/eu-climate-energy-2026,https://assets.zestlab.io/images/1774422238252-hub-231.jpg
133,china-economy-rebound-war-2026,China Economy Surges 6.3% in Early 2026 Despite War Risk,China industrial output surged 6.3% in Jan-Feb 2026 — its fastest growth since September — as AI exports and holiday spending surprised analysts despite Middle East war headwinds.,business,2026-03-19,2026-04-04,https://zestlab.io/en/trends/china-economy-rebound-war-2026,https://assets.zestlab.io/images/1774428701840-trend-133-china-economy-rebound-war-2026.jpg
297,nvidia-nemotron3-agentic-enterprise-2026,Nvidia Nemotron 3 Super: 5x Faster Agentic AI for Enterprise,"Nvidia's 120B-param open model delivers 5x throughput on Blackwell GPUs, 1M context window, and native tool calling for enterprise AI agents.",technology,2026-03-30,2026-04-04,https://zestlab.io/en/trends/nvidia-nemotron3-agentic-enterprise-2026,https://assets.zestlab.io/images/1774854433005-nvidia-nemotron3-cover.jpg
68,europa-ocean-discovery-2026,Europa Ocean 2026: Webb Finds Life Clues on Jupiter's Moon,James Webb detected CO₂ across 100% of Europa's surface — likely from a hidden ocean below. Scientists say it raises the odds of life in our solar system.,science,2026-03-17,2026-04-04,https://zestlab.io/en/trends/europa-ocean-discovery-2026,https://assets.zestlab.io/images/1773829276357-europa-ocean-discovery-2026-2.jpg
147,iss-spacewalk-solar-array-2026,NASA's 6.5-Hour Spacewalk Preps ISS Solar Arrays in 2026,"Astronauts Jessica Meir and Chris Williams completed EVA #7 on March 18, 2026, installing the 7th of 8 new solar arrays. The $415M upgrade extends ISS operations before its 2030 deorbit.",science,2026-03-19,2026-04-03,https://zestlab.io/en/trends/iss-spacewalk-solar-array-2026,https://assets.zestlab.io/images/1774428720930-fix-147.jpg
325,vietnam-heatwave-april-2026,"Vietnam April 2026 Heatwave: Forecast, Heat Index and Health Guide",April 2026 brings severe heatwave to Vietnam — Northwest and Central regions hit hardest. Temperatures above multi-year average. Health advisories and power grid alerts.,vietnam,2026-04-02,2026-04-02,https://zestlab.io/en/trends/vietnam-heatwave-april-2026,https://assets.zestlab.io/images/1775085119518-section301-asia-cover.jpg
284,vietnam-fuel-tax-cut-march-2026,"Vietnam Cuts 3 Fuel Taxes to Zero: Petrol Now 24,332 VND/Liter","Vietnam's government simultaneously zeroed out three fuel taxes on March 27, dropping RON 95 petrol by 5,625 VND/liter as global oil prices spike.",finance,2026-03-27,2026-03-30,https://zestlab.io/en/trends/vietnam-fuel-tax-cut-march-2026,https://assets.zestlab.io/images/1774597819866-vietnam-fuel-tax-cut-march-2026-cover.jpg
41,cuba-blackout-crisis-2026,Cuba Blackout Crisis 2026: 11 Million Without Power,"Cuba plunged into island-wide blackout affecting 11 million people. Causes, humanitarian impact, and the worsening energy crisis in the Caribbean nation.",geopolitics,2026-03-17,2026-03-30,https://zestlab.io/en/trends/cuba-blackout-crisis-2026,https://assets.zestlab.io/images/1773829346578-cuba-blackout-crisis-2026-1.jpg
146,ai-data-center-energy-crisis-2026,"AI Data Centers Consume 1,000+ TWh in 2026 Power Crisis","Global AI data centers now top 1,000 TWh annually, straining US power grids in 2026. We break down who is consuming the most energy and what comes next.",technology,2026-03-19,2026-03-30,https://zestlab.io/en/trends/ai-data-center-energy-crisis-2026,https://assets.zestlab.io/images/1774428742731-fix-146.jpg
295,southeast-asia-energy-crisis-hormuz-2026,Southeast Asia Energy Crisis: Hormuz Blockade Leaves Region Running on Fumes,Southeast Asia faces its worst energy crisis in decades as Iran Strait of Hormuz blockade chokes oil and gas supplies to nations dependent on foreign energy.,geopolitics,2026-03-28,2026-03-28,https://zestlab.io/en/trends/southeast-asia-energy-crisis-hormuz-2026,https://assets.zestlab.io/images/1774665077363-img-sea-energy.jpg
291,smartphone-market-decline-memory-crisis-2026,Smartphone Sales Face Record Crash in 2026,"Global smartphone shipments set to fall 13% in 2026 as AI data centers devour memory chips, pushing average phone prices to record $523.",technology,2026-03-27,2026-03-27,https://zestlab.io/en/trends/smartphone-market-decline-memory-crisis-2026,https://assets.zestlab.io/images/1774616397691-smartphone-decline.png
287,india-fuel-excise-duty-cut-march-2026,India Cuts Fuel Tax by Rs 10/L Amid Global Oil Crisis,India slashes excise duty on petrol to Rs 3/L and diesel to zero amid 50% oil price surge from Iran conflict. Govt absorbs Rs 1.55 lakh crore fiscal hit.,finance,2026-03-27,2026-03-27,https://zestlab.io/en/trends/india-fuel-excise-duty-cut-march-2026,https://assets.zestlab.io/images/1774601956036-india-fuel-excise-duty-cut-2026-1.jpg
96,us-iran-war-military-2026,US-Iran War 2026: Military Strikes and Consequences,"The United States launches military strikes on Iran in February 2026, triggering a regional war. Casualties, oil prices, and diplomacy in crisis.",geopolitics,2026-03-18,2026-03-25,https://zestlab.io/en/trends/us-iran-war-military-2026,https://assets.zestlab.io/images/1773829677446-us-iran-war-military-2026-1.jpg
115,us-iran-nuclear-talks-2026,US-Iran Conflict 2026: Middle East War Raises WWIII Fears,"US-Israel strikes Feb 28, 2026 on Iranian nuclear facilities triggered retaliation and WWIII warnings. Oil, food, and financial markets in turmoil.",geopolitics,2026-03-18,2026-03-25,https://zestlab.io/en/trends/us-iran-nuclear-talks-2026,https://assets.zestlab.io/images/1773832182786-us-iran-nuclear-talks-2026-cover.jpg
